{"cameraMode":{"drawMode":0,"name":"Shaded","section":"Shading Mode"},"sceneLighting":true,"audioPlay":false,"sceneViewState":{"showFog":true,"showMaterialUpdate":false,"showSkybox":true,"showFlares":true,"showImageEffects":true,"showParticleSystems":true},"in2DMode":false,"pivot":{"x":-86.63236999511719,"y":12.12512493133545,"z":7.571325302124023},"rotation":{"x":0.0010222344426438213,"y":0.7316901087760925,"z":0.0010977470083162189,"w":-0.6816391944885254},"size":198.77452087402345,"orthographic":false}